Column,Coefficient,Abs_Coefficient
DAo_min_area,0.2556081712245941,0.2556081712245941
LVEDVi,-0.17417991161346436,0.17417991161346436
Weight_at_MRI,0.13723522424697876,0.13723522424697876
Height,-0.09693536162376404,0.09693536162376404
age^2,-0.06618178635835648,0.06618178635835648
Sex,0.04945879802107811,0.04945879802107811
age*sex,-0.03270803019404411,0.03270803019404411
age_at_MRI,0.0,0.0
